DataSet,psnr,ssim
SunHays80,No data,No data
Set5,28.537156677852302,0.826280128955841
Set14,25.449443503320428,0.726860299706459
Urban100,23.399274316204043,0.7136185055971146
BSD100,25.614994419502203,0.6925613230466843
